usuario_id,nombre,apellidos,email,pass_wd
1,Una,Merrgen,umerrgen0@hibu.com,21232F297A57A5A743894A0E4A801FC3
2,Audie,Nyssens,anyssens1@indiatimes.com,827CCB0EEA8A706C4C34A16891F84E7B
3,Shaine,Salvati,ssalvati2@xing.com,9ac130640b81358bef30c6545589d9cc
4,Alessandro,Levy,alevy3@tmall.com,a405268afe6883a30098a7a3d385ee14
5,Leandra,Lethlay,llethlay4@intel.com,deb80d99624e2152ab04c5185ec76e35
6,Athene,Fackrell,afackrell5@yahoo.co.jp,b038dc59a94ddedc0352a0366f102285
7,Brooks,Adriaens,badriaens6@instagram.com,8ad40a4226e48d246ef0cd472bc31d28
8,Kym,Bollin,kbollin7@geocities.com,636ec74453af882ae07db75a2c1be014
9,Nat,Metzing,nmetzing8@list-manage.com,7da9a66a1f35b4e366058a66779820a7
10,Jasmin,Medd,jmedd9@unesco.org,8b4e978fc5000f92965a68ef2781577e
11,Tallie,Toke,ttokea@plala.or.jp,3a58212f6c1c0152896b82d5bcdc20e9
12,Jerrine,Shere,jshereb@sitemeter.com,48004a8dd3d463cac419c7e7a400e0ba
13,Luce,Goodright,lgoodrightc@furl.net,c5e058aa92f94ef9720eef57afe2cbc7
14,Fred,Chapiro,fchapirod@ibm.com,58f5048e091b72e39449d3dd194e8c67
15,Hastie,Edards,hedardse@google.nl,7306186606b5fd2a2adc77217d1c9afd
16,Armin,Copeman,acopemanf@domainmarket.com,55d0ba01210b9a3d2a6476bb6335b911
17,Carita,Aldcorn,caldcorng@vistaprint.com,fe92c69a732e271f32522d89d980d31d
18,Nobe,Beaves,nbeavesh@furl.net,5b69f085d9c83340b9ba242ed6d02e06
19,Coraline,Berthomieu,cberthomieui@sourceforge.net,d00d875583d24a46c8a29dd92dc78ae8
20,Marie-jeanne,Knott,mknottj@utexas.edu,afd9e8deb78908ba28bc3f2df1668b31
21,Sharline,Portt,sporttk@blog.com,62d8d298a6c73dac9dd925927867fab7
22,Keelby,Aucourte,kaucourtel@senate.gov,66f697d5aeff609af926fe1f04f20f7e
23,Arthur,Kubecka,akubeckam@reuters.com,8ea7d4021df294db1ad168b7218df3cd
24,Tillie,Pikett,tpikettn@paginegialle.it,5c3c22aea08f7c56d4d326cafe2cacff
25,Linnie,Fishleigh,lfishleigho@dot.gov,81DC9BDB52D04DC20036DBD8313ED055
26,Bree,Ough,boughp@infoseek.co.jp,ee2e8bb2b5b00dc97c2c80fdeacf68a1
27,Nancee,D'Almeida,ndalmeidaq@time.com,23ab6aac2b2499b8e76c27c85fb06b92
28,Keri,Wisson,kwissonr@issuu.com,c212eae9cbc0656039424342290df02c
29,Violante,Fulford,vfulfords@rambler.ru,2b7099b8a60a20669f8d0eb7d34f97a9
30,Shaine,Rutherforth,srutherfortht@timesonline.co.uk,b9301bf4637f5b811f812f4b54c43f84
31,Nerty,Niezen,nniezenu@goo.gl,ccbab2d90ac158c81fcf8b597231eba9
32,Garey,Sidwick,gsidwickv@prweb.com,f76f0965d20d7ff762b707efe9e0c4da
33,Cordelia,Bowmaker,cbowmakerw@latimes.com,1c4bc41538a1504a284f583891162b2e
34,Rolando,Aldwick,raldwickx@symantec.com,91ef9892a83dafd12f4cad804fd840ef
35,Bernarr,Gorries,bgorriesy@youtube.com,5f8cb58ba4a234088eaca026cba341cb
36,Boothe,Tharme,btharmez@mlb.com,a368c80c41b2bd03861ccedde5d1daed
37,Sullivan,Poe,spoe10@hud.gov,7091563564283fb590ec3b1660e48425
38,Scot,Petric,spetric11@webmd.com,5cb81819123f93b69fb2739d6e453f38
39,Natalie,Mercey,nmercey12@freewebs.com,2f3d0bd0e4bf32d66149e6cd984bf4ce
40,Bertie,Farrey,bfarrey13@ocn.ne.jp,ffc82231219ea11996d1523c52ebb7c7
41,Chaddy,Kennelly,ckennelly14@ifeng.com,002a3524886cf37061f605d1425db9e3
42,Corinna,Pegram,cpegram15@usatoday.com,440bccccacda29d69e0b74a8664035de
43,Garik,Werrit,gwerrit16@sbwire.com,6b50d6fe0d7f8882e6a21cac3eff48a9
44,Agosto,Copyn,acopyn17@jigsy.com,2e0d701456f53d2dfc9e43306c8e0d46
45,Fabien,Goodanew,fgoodanew18@mayoclinic.com,63bf3be4da9a8701838e21d2032fd721
46,Winni,Morkham,wmorkham19@soup.io,1ff40178c581ab5d9f64bc1dfc1e81fa
47,Becki,Pitsall,bpitsall1a@constantcontact.com,701fa0c027607685a5b066a4a5d1a5dd
48,Xenia,Cratere,xcratere1b@cnbc.com,c040155873d9ffc9326238f65d6f2bd8
49,Benton,Brotherwood,bbrotherwood1c@oracle.com,1efee73aece4832679d46d6177adad5a
50,Giordano,Blaney,gblaney1d@xinhuanet.com,e31be61f3a50af6e1dc259c89c5a1471
